{"metadata":{"asset_id":"d5a14b79-edac-42d1-98de-1c5f056e2a92","asset_attributes":["notebook"],"name":"Final_Assignment","asset_type":"notebook","created_at":"2023-03-01T11:54:36Z","description":"","origin_country":"us","owner_id":"IBMid-662004BSZX","project_id":"14ba27d4-3fc0-441e-ab08-f47b6d644513","size":207,"tags":["notebook"],"usage":{"last_update_time":1677671677350,"last_updated_at":"2023-03-01T11:54:37Z"}},"entity":{"notebook":{"kernel":{"name":"python3","language":"python"},"originates_from":{"type":"blank"},"runtime":{"environment":"rt222pys2-14ba27d4-3fc0-441e-ab08-f47b6d644513"}},"location_definition":{"physical_location_code":"FRA","physical_location_code_assigned_by":"IBMid-662004BSZX","physical_location_code_rds_id":"c57cb90f-2126-3800-9c9f-9eab82021cdf","physical_location_code_rds_version":"00002023-0225-4125-8358-534832000000_3","physical_location_code_assignment_method":"INFERRED","physical_location_code_added_on":"1677329643465"}},"attachments":[{"id":"3b197744-ddd6-44a2-adea-3646dc5ea586","version":2,"asset_type":"notebook","name":"attachment for notebook d5a14b79-edac-42d1-98de-1c5f056e2a92","description":"attachment for notebook d5a14b79-edac-42d1-98de-1c5f056e2a92","mime":"application/json","datasource_type":"193a97c1-4475-4a19-b90c-295c4fdc6517","object_key":"notebook/Final_Assignment_p7AIBkpcW.ipynb","creator_id":"IBMid-662004BSZX","create_time":1677671677342,"size":207,"is_remote":false,"is_managed":false,"is_referenced":true,"is_object_key_read_only":false,"is_user_provided_path_key":true,"transfer_complete":true,"is_partitioned":false,"complete_time_ticks":1677671677342,"user_data":{},"test_doc":0,"handle":{"bucket":"spacex-donotdelete-pr-cze5syjtxlnefq","location":"eu-de","type":"bluemix_cos","key":"notebook/Final_Assignment_p7AIBkpcW.ipynb","upload_id":"done","max_part_num":1},"usage":{"access_count":0,"last_accessor_id":"IBMid-662004BSZX","last_access_time":1677671677342}}]}
