{"metadata":{"asset_id":"75b6a575-8c69-417f-934f-83872870f23e","asset_attributes":["notebook"],"name":"Final_Assignment","asset_type":"notebook","created_at":"2023-02-26T13:48:20Z","description":"","origin_country":"us","owner_id":"IBMid-662004BSZX","project_id":"14ba27d4-3fc0-441e-ab08-f47b6d644513","size":11851,"tags":["notebook"],"usage":{"last_update_time":1677419300836,"last_updated_at":"2023-02-26T13:48:20Z"}},"entity":{"notebook":{"kernel":"","originates_from":{"type":"blank"},"runtime":{"environment":"rt222pys2-14ba27d4-3fc0-441e-ab08-f47b6d644513"}},"location_definition":{"physical_location_code":"FRA","physical_location_code_assigned_by":"IBMid-662004BSZX","physical_location_code_rds_id":"c57cb90f-2126-3800-9c9f-9eab82021cdf","physical_location_code_rds_version":"00002023-0225-4125-8358-534832000000_3","physical_location_code_assignment_method":"INFERRED","physical_location_code_added_on":"1677329643465"}},"attachments":[{"id":"87e45478-70e4-4fee-9192-bedad174ddc8","version":2,"asset_type":"notebook","name":"attachment for notebook 75b6a575-8c69-417f-934f-83872870f23e","description":"attachment for notebook 75b6a575-8c69-417f-934f-83872870f23e","mime":"application/json","datasource_type":"193a97c1-4475-4a19-b90c-295c4fdc6517","object_key":"notebook/Final_Assignment_oQEP4UPD3.ipynb","creator_id":"IBMid-662004BSZX","create_time":1677419300828,"size":11851,"is_remote":false,"is_managed":false,"is_referenced":true,"is_object_key_read_only":false,"is_user_provided_path_key":true,"transfer_complete":true,"is_partitioned":false,"complete_time_ticks":1677419300828,"user_data":{},"test_doc":0,"handle":{"bucket":"spacex-donotdelete-pr-cze5syjtxlnefq","location":"eu-de","type":"bluemix_cos","key":"notebook/Final_Assignment_oQEP4UPD3.ipynb","upload_id":"done","max_part_num":1},"usage":{"access_count":0,"last_accessor_id":"IBMid-662004BSZX","last_access_time":1677419300828}}]}
