{"metadata":{"asset_id":"1e7387b0-fcde-4934-9a76-83b9574a1069","asset_attributes":["notebook"],"name":"Final_Assignment1","asset_type":"notebook","created_at":"2023-02-25T16:03:02Z","description":"","origin_country":"us","owner_id":"IBMid-662004BSZX","project_id":"14ba27d4-3fc0-441e-ab08-f47b6d644513","size":510363,"tags":["notebook"],"usage":{"last_update_time":1677344144653,"last_updated_at":"2023-02-25T16:55:44Z"}},"entity":{"notebook":{"kernel":{"name":"python3","display_name":"Python 3.10","language":"python"},"originates_from":{"type":"blank"},"runtime":{"environment":"rt222pys2-14ba27d4-3fc0-441e-ab08-f47b6d644513"}},"location_definition":{"physical_location_code":"FRA","physical_location_code_assigned_by":"IBMid-662004BSZX","physical_location_code_rds_id":"c57cb90f-2126-3800-9c9f-9eab82021cdf","physical_location_code_rds_version":"00002023-0225-4125-8358-534832000000_3","physical_location_code_assignment_method":"INFERRED","physical_location_code_added_on":"1677329643465"}},"attachments":[{"id":"f19eff9c-de20-4d3e-83fa-bc600de6fc76","version":2,"asset_type":"notebook","name":"attachment for notebook 1e7387b0-fcde-4934-9a76-83b9574a1069","description":"attachment for notebook 1e7387b0-fcde-4934-9a76-83b9574a1069","mime":"application/json","datasource_type":"193a97c1-4475-4a19-b90c-295c4fdc6517","object_key":"notebook/Final_Assignment1_xTLW0gLUK.ipynb","creator_id":"IBMid-662004BSZX","create_time":1677340982731,"size":510363,"is_remote":false,"is_managed":false,"is_referenced":true,"is_object_key_read_only":false,"is_user_provided_path_key":true,"transfer_complete":true,"is_partitioned":false,"complete_time_ticks":1677340982731,"user_data":{},"test_doc":0,"handle":{"bucket":"spacex-donotdelete-pr-cze5syjtxlnefq","location":"eu-de","type":"bluemix_cos","key":"notebook/Final_Assignment1_xTLW0gLUK.ipynb","upload_id":"done","max_part_num":1},"usage":{"access_count":9,"last_accessor_id":"IBMid-662004BSZX","last_access_time":1677344144634,"last_updater_id":"IBMid-662004BSZX","last_update_time":1677344144634}}]}
