{"metadata":{"asset_id":"65e5691d-1188-4436-ba4f-a4658312058f","asset_attributes":["notebook"],"name":"Final_Assignment","asset_type":"notebook","created_at":"2023-02-25T17:11:14Z","description":"","origin_country":"us","owner_id":"IBMid-662004BSZX","project_id":"14ba27d4-3fc0-441e-ab08-f47b6d644513","size":34370,"tags":["notebook"],"usage":{"last_update_time":1677345938706,"last_updated_at":"2023-02-25T17:25:38Z"}},"entity":{"notebook":{"kernel":{"name":"python3","display_name":"Python 3.10","language":"python"},"originates_from":{"type":"blank"},"runtime":{"environment":"rt222pys2-14ba27d4-3fc0-441e-ab08-f47b6d644513"}},"location_definition":{"physical_location_code":"FRA","physical_location_code_assigned_by":"IBMid-662004BSZX","physical_location_code_rds_id":"c57cb90f-2126-3800-9c9f-9eab82021cdf","physical_location_code_rds_version":"00002023-0225-4125-8358-534832000000_3","physical_location_code_assignment_method":"INFERRED","physical_location_code_added_on":"1677329643465"}},"attachments":[{"id":"cfadfebd-a16a-4d95-abd0-4b4a2d5bf2e1","version":2,"asset_type":"notebook","name":"attachment for notebook 65e5691d-1188-4436-ba4f-a4658312058f","description":"attachment for notebook 65e5691d-1188-4436-ba4f-a4658312058f","mime":"application/json","datasource_type":"193a97c1-4475-4a19-b90c-295c4fdc6517","object_key":"notebook/Final_Assignment_4IGcNWLZ_.ipynb","creator_id":"IBMid-662004BSZX","create_time":1677345075743,"size":34370,"is_remote":false,"is_managed":false,"is_referenced":true,"is_object_key_read_only":false,"is_user_provided_path_key":true,"transfer_complete":true,"is_partitioned":false,"complete_time_ticks":1677345075743,"user_data":{},"test_doc":0,"handle":{"bucket":"spacex-donotdelete-pr-cze5syjtxlnefq","location":"eu-de","type":"bluemix_cos","key":"notebook/Final_Assignment_4IGcNWLZ_.ipynb","upload_id":"done","max_part_num":1},"usage":{"access_count":4,"last_accessor_id":"IBMid-662004BSZX","last_access_time":1677345938699,"last_updater_id":"IBMid-662004BSZX","last_update_time":1677345938699}}]}
